Prénom,Nom,Numéro,Email
dion,DUPLAN,33612345712,
donat,MARCIANO,33612345713,
donatien,PROUTEAU,33612345714,
donatienne,BOULLE,33612345715,
doriane,BOYE,33612345716,
dorothée,CHARON,33612345717,dodo@free.fr
edgard,DASSONVILLE,33612345718,
édith,DIEZ,33612345719,
dion,DUPLAN,33612345720,
blaise,BAL,33612345721,
blanche,BARDOT,33612345722,
brice,BEAUFORT,33612345723,
carine,BOISSY,33612345724,
carole,FOUCHARD,33612345725,
caroline,GAUTREAU,33612345726,
cécile,LE GUENNEC,33612345727,
céleste,MENANT,33612345728,
célestin,PENAUD,33612345729,
célestine,RAMASSAMY,33612345730,
céline,SIDIBE,33612345731,
cerise,VASSAL,33612345732,
cesaire,BES,33612345733,
césar,BUCHET,33612345734,
chantal,BURET,33612345735,
chanté,DOUCHET,33612345736,
charline,DURY,33612345737,
charlot,HUON,33612345738,
charlotte,LELLOUCHE,33612345739,
chloé,LEVEILLE,33612345740,
christelle,MAGNIEN,33612345741,
christine,NATIVEL,33612345742,
christophe,NIETO,33612345743,
claire,PFEIFFER,33612345744,
clarisse,SAVIN,33612345745,
claudette,ZOUAOUI,33612345746,
claudine,ANCELIN,33612345747,
clémence,CASSIN,33612345748,
clément,DUQUESNOY,33612345749,
clementine,GALLEGO,33612345750,
clothilde,GALLIEN,33612345751,
colette,GAU,33612345752,
colombain,HABIB,33612345753,
constantin,JOUSSE,33612345754,
corin,KREBS,33612345755,
corinne,LEGUAY,33612345756,
cosette,NAKACHE,33612345757,
cunégonde,FAY,33612345758,
damien,GASSAMA,33612345759,
danièle,MASSARD,33612345760,
danielle,POGGI,33612345761,d9847y@orange.fr
delphine,SANNIER,33612345762,
denis,SAVY,33612345763,
denise,BENET,33612345764,
désiré,CAPELLO,33612345765,
désirée,DUCHAMP,33612345766,
diane,GALLARD,33612345767,
dianne,GOUT,33612345768,
didier,GRELIER,33612345769,
dieudonné,LAFAY,33612345770,
dieudonnée,LONGO,33612345771,
diodore,ROUCHON,33612345772,
dion,TAILLEFER,33612345773,
donat,AUMONT,33612345774,
donatien,EUGENE,33612345775,
donatienne,GRESSIER,33612345776,
doriane,HASCOET,33612345777,
dorothée,RAMEL,33612345778,
edgard,RAOUX,33612345779,
édith,BURTIN,33612345780,
edmond,DELANOE,33612345781,
édouard,DOUSSET,33612345782,
edwige,FAUCONNIER,33612345783,
eléonore,LE GARREC,33612345784,
éliane,MONVOISIN,33612345785,
élise,SEVERIN,33612345786,
élodie,ALMEIDA,33612345787,
eloi,CHARBONNEAU,33612345788,
éloise,FLAMAND,33612345789,
emeline,FOUGERE,33612345790,
émile,GIRY,33612345791,
émilie,LESTRADE,33612345792,
émilien,ROUDAUT,33612345793,
emmanuelle,TASTET,33612345794,
ermenegilde,BARA,33612345795,
esmée,CASTELLI,33612345796,
étienne,DENIEL,33612345797,
eugène,DUPLAN,33612345798,
eugénie,MARCIANO,33612345799,
eulalie,PROUTEAU,33612345800,
eustache,BOULLE,33612345801,
évariste,BOYE,33612345802,
evette,CHARON,33612345803,
evrard,DASSONVILLE,33612345804,
fabien,DIEZ,33612345805,
fabienne,DOMINIQUE,33612345806,
fabrice,DUPIRE,33612345807,
faustine,KILIC,33612345808,
félicie,LANOE,33612345809,
felicien,MESNARD,33612345810,
felicienne,SAGET,33612345811,
félix,BOUDOT,33612345812,
fernand,BOUZID,33612345813,
fernande,JORDAN,33612345814,
fiacre,NASRI,33612345815,
fifi,SOULAS,33612345816,
firmin,STOLL,33612345817,
flavie,TAVARES,33612345818,
florentin,VALLA,33612345819,
florette,BERTHAUD,33612345820,
florianne,CALAS,33612345821,
francine,CARDOT,33612345822,
franck,CESARI,33612345823,
françois,CHERY,33612345824,
françoise,CONTRERAS,33612345825,
frédéric,FLOQUET,33612345826,
frédérique,GALLON,33612345827,
gabrielle,GOHIER,33612345828,
gaétan,HERITIER,33612345829,
gaetane,HUC,33612345830,
gaspard,LEROYER,33612345831,
gaston,PANNIER,33612345832,
gautier,PIGNON,33612345833,
geneviève,CHATELET,33612345834,
geoffroi,DA ROCHA,33612345835,
georges,DESFORGES,33612345836,
georgette,MANDIN,33612345837,
georgine,OLIVIERI,33612345838,
gérald,PONCE,33612345839,
gérard,SULTAN,33612345840,
géraud,BLANQUET,33612345841,
germain,BREBION,33612345842,
germaine,BUCHER,33612345843,
gervais,CAYLA,33612345844,
gervaise (2),DAUDE,33612345845,
ghislain,LEQUEUX,33612345846,
ghislaine,MASSOL,33612345847,
gigi,MATHURIN,33612345848,
gilberte,PIGNOL,33612345849,
gilles,ATTALI,33612345850,
gisèle,BELTRAN,33612345851,
giselle,CAMPAGNE,33612345852,
gisselle,CARAYON,33612345853,
godelieve,CHESNEL,33612345854,
gratien,COLOMBEL,33612345855,
grégoire,DELOBEL,33612345856,
guillaume,DUONG,33612345857,
gustave,GRAZIANI,33612345858,
gwenaelle,LE COQ,33612345859,
hélène,MENGUY,33612345860,
héloïse,MOKHTARI,33612345861,
henri,ORIOL,33612345862,
henriette,PERARD,33612345863,
hercule,AUTHIER,33612345864,
hervé,DANJOU,33612345865,
hilaire,DUFLOT,33612345866,
honoré,GUILLE,33612345867,
honorine,LUQUET,33612345868,
hortense,PLACE,33612345869,
hugues,SOLA,33612345870,
hyacinthe,DUFLOS,33612345871,
ignace,GUIGUE,33612345872,
inès,LEONE,33612345873,
iréné,TOUMI,33612345874,
irène,BERTAUD,33612345875,
irénée,CHABANE,33612345876,
jacinthe,CLARET,33612345877,
jacqueline,FIRMIN,33612345878,
jacques,JOBARD,33612345879,
jean (1),MERCERON,33612345880,
jean-baptiste,SLAMA,33612345881,
jeanine,YOUSFI,33612345882,
jean-marie,BROUTIN,33612345883,
jeanne,CARBONNEL,33612345884,
jeannette,CATALA,33612345885,
jeannine,FONTAN,33612345886,
jeannot,GUILLERMIN,33612345887,
jérémie,SECK,33612345888,
jérôme,VIALLET,33612345889,
joceline,CAILLAT,33612345890,
joël,MINARD,33612345891,
joelle,MORICEAU,33612345892,
jolie,REYES,33612345893,
josée,RITZ,33612345894,
josèphe,BADIN,33612345895,
joséphine,BRAY,33612345896,
josette,CARRARA,33612345897,
josiane,DELVAL,33612345898,
jourdain,GIRAUDET,33612345899,
jules (1),MARIA,33612345900,
juliane,MONTIGNY,33612345901,
julie,TASSIN,33612345902,
julien,XU,33612345903,
julienne,BOUTRY,33612345904,
juliette,DELTOUR,33612345905,
juste,GRIGNON,33612345906,
justine,KESSLER,33612345907,
laure,LEBOURG,33612345908,
laurence (2),LESPINASSE,33612345909,
laurent,LUX,33612345910,
laurentine,MANSUY,33612345911,
laurette,PARET,33612345912,
lazare,PONCELET,33612345913,
léa,RIVAL,33612345914,
léandre,TANG,33612345915,
léon,BERGERET,33612345916,
léonard,BUI,33612345917,
léonce,CHANAL,33612345918,
léonie,SIMONNEAU,33612345919,
léonne,FOUCAUD,33612345920,
léontine,LEGRIS,33612345921,
léopold,MARTINO,33612345922,
liane,GINESTET,33612345923,
lionel,PINCHON,33612345924,
lisette,AYACHE,33612345925,
loic,BRES,33612345926,
lothaire,DARDENNE,33612345927,
louis,GROULT,33612345928,
louise,HERVOUET,33612345929,
loup,HOCHART,33612345930,
luc,ISRAEL,33612345931,
luce,KAISER,33612345932,
lucie,THEVENON,33612345933,
lucien,BAILLON,33612345934,
lucienne,HEITZMANN,33612345935,
lucile,HULIN,33612345936,
lucille,JAULIN,33612345937,
lucinde,MESNIL,33612345938,
lucrece,QUILLET,33612345939,
lunete,ROUTIER,33612345940,
lydie,SAHRAOUI,33612345941,
madeleine,BALLESTER,33612345942,
madeline,BORDENAVE,33612345943,
manon,CHAMPENOIS,33612345944,
marc,CHAPEL,33612345945,
marcel,JOHNSON,33612345946,
marceline,KONATE,33612345947,
marcelle,LAFFORGUE,33612345948,
marcellette,LEVAVASSEUR,33612345949,
marcellin,MESSINA,33612345950,
marcelline,METRAL,33612345951,
margot,ROCCA,33612345952,
marguerite,ROUSTAN,33612345953,
marianne (1),URBAIN,33612345954,
marie,ZIANI,33612345955,
marielle,BOSCH,33612345956,
mariette,CHAN,33612345957,
marin,DESERT,33612345958,
marine,GALINIER,33612345959,
marise,LEVEAU,33612345960,